회원_index,회원id,회원비밀번호,이름,연락처,아파트동,아파트호수,아파트평수,가구원수
1,user0001,pw10001,김수민,044-218-1960,101,201,24,2
2,user0002,pw10002,김영일,02-8386-3794,102,201,52,3
3,user0003,pw10003,김지원,019-654-2351,103,201,18,2
4,user0004,pw10004,김준혁,016-407-8161,104,201,32,3
5,user0005,pw10005,류은정,054-931-0341,105,201,24,1
6,user0006,pw10006,문영미,062-525-5341,106,201,52,5
7,user0007,pw10007,김지민,042-764-8350,107,201,32,3
8,user0008,pw10008,김성수,051-139-5376,108,201,24,2
9,user0009,pw10009,윤민서,041-388-4969,109,201,45,4
10,user0010,pw10010,김현준,064-771-0122,110,201,45,3
11,user0011,pw10011,이명자,055-978-4801,111,201,18,2
12,user0012,pw10012,박수민,017-514-6270,112,201,52,5
13,user0013,pw10013,양수민,064-728-1489,113,201,38,3
14,user0014,pw10014,이민준,064-709-5701,114,201,38,4
15,user0015,pw10015,양지현,052-303-9117,115,201,38,4
16,user0016,pw10016,구옥자,041-278-2489,101,202,24,1
17,user0017,pw10017,김영철,070-3465-7871,102,202,52,3
18,user0018,pw10018,김경수,010-3930-1031,103,202,18,2
19,user0019,pw10019,고명자,044-473-8299,104,202,32,3
20,user0020,pw10020,안준서,043-116-5667,105,202,24,1
21,user0021,pw10021,김은지,017-106-5133,106,202,52,4
22,user0022,pw10022,박승현,051-731-7810,107,202,32,1
23,user0023,pw10023,박경숙,032-326-7736,108,202,24,4
24,user0024,pw10024,김경숙,055-474-6872,109,202,45,4
25,user0025,pw10025,김도윤,070-8050-0978,110,202,45,4
26,user0026,pw10026,박명숙,064-712-1913,111,202,18,2
27,user0027,pw10027,노영호,011-909-1699,112,202,52,4
28,user0028,pw10028,심서영,019-534-6247,113,202,38,2
29,user0029,pw10029,권도현,062-991-1838,114,202,38,4
30,user0030,pw10030,심중수,044-542-7849,115,202,38,3
31,user0031,pw10031,송옥자,018-841-2411,101,203,24,1
32,user0032,pw10032,김수빈,043-534-8740,102,203,52,3
33,user0033,pw10033,이서준,02-5242-7868,103,203,18,1
34,user0034,pw10034,김중수,041-805-9826,104,203,32,3
35,user0035,pw10035,이지후,031-533-1586,105,203,24,2
36,user0036,pw10036,권현숙,044-226-0256,106,203,52,6
37,user0037,pw10037,문지원,051-216-0733,107,203,32,2
38,user0038,pw10038,박수진,044-303-6541,108,203,24,3
39,user0039,pw10039,이은주,055-850-1429,109,203,45,3
40,user0040,pw10040,이미영,061-556-9816,110,203,45,4
41,user0041,pw10041,김경희,061-088-3561,111,203,18,1
42,user0042,pw10042,허은정,018-148-4656,112,203,52,4
43,user0043,pw10043,최서연,018-629-9468,113,203,38,4
44,user0044,pw10044,이서영,011-957-7738,114,203,38,4
45,user0045,pw10045,배주원,042-148-9513,115,203,38,3
46,user0046,pw10046,김서연,02-0379-1769,101,204,24,2
47,user0047,pw10047,한영식,044-201-6328,102,204,52,5
48,user0048,pw10048,최지훈,033-727-8895,103,204,18,1
49,user0049,pw10049,손은영,070-8687-2774,104,204,32,2
50,user0050,pw10050,홍수빈,064-773-4714,105,204,24,2
51,user0051,pw10051,이지후,032-223-6231,106,204,52,5
52,user0052,pw10052,이영수,031-366-9096,107,204,32,2
53,user0053,pw10053,노성민,055-688-9373,108,204,24,2
54,user0054,pw10054,박성훈,018-627-2980,109,204,45,3
55,user0055,pw10055,최정숙,032-627-2046,110,204,45,5
56,user0056,pw10056,박성진,055-464-1708,111,204,18,1
57,user0057,pw10057,곽상현,032-003-3092,112,204,52,4
58,user0058,pw10058,박민석,043-745-2991,113,204,38,4
59,user0059,pw10059,김숙자,011-049-6631,114,204,38,2
60,user0060,pw10060,류서현,019-491-9058,115,204,38,3
61,user0061,pw10061,이영일,053-067-1657,101,301,24,2
62,user0062,pw10062,이지민,017-498-7769,102,301,52,3
63,user0063,pw10063,고준영,032-473-7996,103,301,18,1
64,user0064,pw10064,박성진,063-354-5494,104,301,32,1
65,user0065,pw10065,박서연,044-678-3777,105,301,24,2
66,user0066,pw10066,김서윤,019-349-5788,106,301,52,3
67,user0067,pw10067,엄영철,054-744-4313,107,301,32,1
68,user0068,pw10068,서진호,019-233-7498,108,301,24,2
69,user0069,pw10069,나지현,052-352-4082,109,301,45,4
70,user0070,pw10070,우영철,019-271-0947,110,301,45,3
71,user0071,pw10071,이현우,051-711-6719,111,301,18,1
72,user0072,pw10072,김민서,011-413-1869,112,301,52,4
73,user0073,pw10073,강지영,055-774-9649,113,301,38,3
74,user0074,pw10074,강지아,043-341-2328,114,301,38,2
75,user0075,pw10075,김영길,016-740-3447,115,301,38,4
76,user0076,pw10076,김상훈,017-936-1832,101,302,24,2
77,user0077,pw10077,류명자,042-499-4717,102,302,52,3
78,user0078,pw10078,한현정,064-787-7190,103,302,18,1
79,user0079,pw10079,서은영,02-1399-0490,104,302,32,3
80,user0080,pw10080,김옥순,062-429-6717,105,302,24,1
81,user0081,pw10081,이정남,042-567-4680,106,302,52,5
82,user0082,pw10082,이성진,055-808-7603,107,302,32,3
83,user0083,pw10083,강예진,062-034-8247,108,302,24,3
84,user0084,pw10084,박경자,017-932-4808,109,302,45,5
85,user0085,pw10085,김준혁,033-712-7484,110,302,45,5
86,user0086,pw10086,박영수,062-826-3982,111,302,18,2
87,user0087,pw10087,이지우,061-584-0449,112,302,52,4
88,user0088,pw10088,장채원,062-875-5886,113,302,38,3
89,user0089,pw10089,이병철,019-396-3605,114,302,38,3
90,user0090,pw10090,한지원,055-270-2895,115,302,38,3
91,user0091,pw10091,양영희,064-770-2621,101,303,24,1
92,user0092,pw10092,주성진,019-615-8657,102,303,52,3
93,user0093,pw10093,김명자,017-431-6117,103,303,18,2
94,user0094,pw10094,이경수,053-045-5623,104,303,32,3
95,user0095,pw10095,최지우,042-219-6937,105,303,24,1
96,user0096,pw10096,김예원,051-740-7482,106,303,52,6
97,user0097,pw10097,노현준,052-647-4367,107,303,32,4
98,user0098,pw10098,이성호,052-406-4090,108,303,24,1
99,user0099,pw10099,신지현,052-395-3394,109,303,45,2
100,user0100,pw10100,오은지,041-104-7095,110,303,45,3
101,user0101,pw10101,김수진,070-6232-8588,111,303,18,1
102,user0102,pw10102,류선영,063-451-7123,112,303,52,5
103,user0103,pw10103,오현지,010-5160-4817,113,303,38,3
104,user0104,pw10104,권상훈,055-513-7098,114,303,38,3
105,user0105,pw10105,강재호,017-746-1200,115,303,38,3
106,user0106,pw10106,박동현,010-2675-8692,101,304,24,1
107,user0107,pw10107,윤지현,016-640-5377,102,304,52,4
108,user0108,pw10108,고미숙,018-585-0643,103,304,18,1
109,user0109,pw10109,하지은,032-390-0532,104,304,32,2
110,user0110,pw10110,김지은,010-3933-5290,105,304,24,2
111,user0111,pw10111,나현준,010-4210-2053,106,304,52,4
112,user0112,pw10112,김수민,041-681-1775,107,304,32,5
113,user0113,pw10113,김예진,016-084-7007,108,304,24,2
114,user0114,pw10114,이미영,019-711-5921,109,304,45,5
115,user0115,pw10115,강영환,019-569-8478,110,304,45,3
116,user0116,pw10116,김정자,017-836-7365,111,304,18,2
117,user0117,pw10117,이지민,053-654-5271,112,304,52,4
118,user0118,pw10118,김시우,070-5280-9885,113,304,38,3
119,user0119,pw10119,이채원,061-049-4519,114,304,38,3
120,user0120,pw10120,김예지,033-585-1493,115,304,38,4
121,user0121,pw10121,홍현지,016-980-9402,101,401,24,1
122,user0122,pw10122,권지훈,054-022-9612,102,401,52,4
123,user0123,pw10123,우미경,064-736-6752,103,401,18,2
124,user0124,pw10124,오종수,011-910-2290,104,401,32,2
125,user0125,pw10125,이정숙,063-976-4381,105,401,24,2
126,user0126,pw10126,김정남,011-784-0369,106,401,52,5
127,user0127,pw10127,김진우,041-445-1076,107,401,32,1
128,user0128,pw10128,이정식,064-785-1606,108,401,24,1
129,user0129,pw10129,허준호,011-696-6416,109,401,45,4
130,user0130,pw10130,이주원,016-751-6136,110,401,45,3
131,user0131,pw10131,박영숙,052-535-2181,111,401,18,1
132,user0132,pw10132,김지영,054-231-2432,112,401,52,4
133,user0133,pw10133,권은지,042-779-9799,113,401,38,4
134,user0134,pw10134,우성수,062-177-4490,114,401,38,3
135,user0135,pw10135,김영길,031-054-1199,115,401,38,3
136,user0136,pw10136,박윤서,070-0793-5978,101,402,24,2
137,user0137,pw10137,김동현,053-182-0377,102,402,52,4
138,user0138,pw10138,강아름,052-665-9051,103,402,18,1
139,user0139,pw10139,최성훈,051-925-1925,104,402,32,3
140,user0140,pw10140,윤정남,041-914-8652,105,402,24,1
141,user0141,pw10141,류지아,018-816-8505,106,402,52,5
142,user0142,pw10142,하성현,063-332-2141,107,402,32,1
143,user0143,pw10143,박지아,064-705-9296,108,402,24,1
144,user0144,pw10144,김정수,016-270-6537,109,402,45,4
145,user0145,pw10145,권지영,044-834-7359,110,402,45,4
146,user0146,pw10146,박수빈,055-886-2392,111,402,18,3
147,user0147,pw10147,김예지,054-818-1412,112,402,52,5
148,user0148,pw10148,백민재,061-137-5060,113,402,38,4
149,user0149,pw10149,이성훈,032-530-5152,114,402,38,1
150,user0150,pw10150,이준영,019-277-9010,115,402,38,3
151,user0151,pw10151,전영철,070-9861-4341,101,403,24,3
152,user0152,pw10152,이주원,062-117-9808,102,403,52,5
153,user0153,pw10153,오수빈,02-9539-6218,103,403,18,1
154,user0154,pw10154,김옥자,064-788-0670,104,403,32,3
155,user0155,pw10155,나선영,02-5153-1952,105,403,24,3
156,user0156,pw10156,정준서,042-772-2170,106,403,52,4
157,user0157,pw10157,김상철,031-548-6874,107,403,32,4
158,user0158,pw10158,윤성민,031-541-5667,108,403,24,2
159,user0159,pw10159,이현지,063-758-4161,109,403,45,3
160,user0160,pw10160,지병철,052-511-5447,110,403,45,3
161,user0161,pw10161,이정순,054-705-9640,111,403,18,1
162,user0162,pw10162,윤성호,070-2029-7021,112,403,52,4
163,user0163,pw10163,윤성호,011-092-7557,113,403,38,3
164,user0164,pw10164,최옥자,055-543-1027,114,403,38,5
165,user0165,pw10165,백미영,051-739-4731,115,403,38,2
166,user0166,pw10166,김민준,019-715-5188,101,404,24,3
167,user0167,pw10167,이민재,019-258-3132,102,404,52,4
168,user0168,pw10168,박성호,011-578-2911,103,404,18,1
169,user0169,pw10169,엄정웅,064-766-9125,104,404,32,3
170,user0170,pw10170,박정순,054-289-2268,105,404,24,4
171,user0171,pw10171,김미정,041-422-5358,106,404,52,4
172,user0172,pw10172,홍선영,017-842-4981,107,404,32,2
173,user0173,pw10173,김현정,041-299-5900,108,404,24,2
174,user0174,pw10174,하종수,051-396-9078,109,404,45,4
175,user0175,pw10175,성영식,018-647-1027,110,404,45,4
176,user0176,pw10176,박성현,041-555-6258,111,404,18,2
177,user0177,pw10177,이예은,051-732-1046,112,404,52,3
178,user0178,pw10178,이현주,042-595-3278,113,404,38,4
179,user0179,pw10179,양영식,032-687-3395,114,404,38,4
180,user0180,pw10180,이예준,017-748-0162,115,404,38,3
181,user0181,pw10181,서지연,054-060-9835,101,501,24,3
182,user0182,pw10182,김예진,010-4991-2165,102,501,52,4
183,user0183,pw10183,이현정,041-398-6800,103,501,18,1
184,user0184,pw10184,오준서,064-772-9825,104,501,32,2
185,user0185,pw10185,이영숙,016-495-8887,105,501,24,2
186,user0186,pw10186,이지은,054-516-9409,106,501,52,3
187,user0187,pw10187,주종수,011-930-9728,107,501,32,1
188,user0188,pw10188,강지현,041-309-1307,108,501,24,3
189,user0189,pw10189,김정수,061-897-0283,109,501,45,5
190,user0190,pw10190,엄예지,055-527-8585,110,501,45,5
191,user0191,pw10191,문정순,019-497-3348,111,501,18,2
192,user0192,pw10192,노현준,052-375-7584,112,501,52,5
193,user0193,pw10193,최영철,055-524-0415,113,501,38,3
194,user0194,pw10194,윤지아,043-384-8421,114,501,38,3
195,user0195,pw10195,최서현,018-833-0165,115,501,38,3
196,user0196,pw10196,김지영,02-8267-7345,101,502,24,3
197,user0197,pw10197,김종수,017-938-0262,102,502,52,4
198,user0198,pw10198,김지현,063-240-0499,103,502,18,1
199,user0199,pw10199,나서준,017-887-2874,104,502,32,3
200,user0200,pw10200,김민준,062-420-5493,105,502,24,2
201,user0201,pw10201,고지후,061-851-6122,106,502,52,4
202,user0202,pw10202,심건우,055-374-5499,107,502,32,2
203,user0203,pw10203,윤정수,031-174-2684,108,502,24,3
204,user0204,pw10204,윤현정,054-933-2727,109,502,45,4
205,user0205,pw10205,조영자,010-7833-9187,110,502,45,3
206,user0206,pw10206,이하은,033-088-3982,111,502,18,2
207,user0207,pw10207,고시우,018-397-1870,112,502,52,4
208,user0208,pw10208,박영길,031-874-0640,113,502,38,4
209,user0209,pw10209,최경희,054-180-1704,114,502,38,4
210,user0210,pw10210,황정훈,070-6567-6618,115,502,38,3
211,user0211,pw10211,고민석,010-6823-0047,101,503,24,1
212,user0212,pw10212,정옥자,044-375-2431,102,503,52,5
213,user0213,pw10213,장우진,02-3311-9079,103,503,18,1
214,user0214,pw10214,문서현,031-673-8302,104,503,32,2
215,user0215,pw10215,이지은,070-9599-5342,105,503,24,2
216,user0216,pw10216,박영순,051-089-2687,106,503,52,4
217,user0217,pw10217,이재호,055-856-6246,107,503,32,2
218,user0218,pw10218,박상호,044-427-0866,108,503,24,1
219,user0219,pw10219,김서현,043-517-5183,109,503,45,4
220,user0220,pw10220,이예준,031-139-8373,110,503,45,3
221,user0221,pw10221,이현주,02-3317-3936,111,503,18,1
222,user0222,pw10222,최지영,055-785-4458,112,503,52,4
223,user0223,pw10223,박지원,070-7535-5609,113,503,38,3
224,user0224,pw10224,서경자,010-9964-2353,114,503,38,2
225,user0225,pw10225,전영식,017-547-7725,115,503,38,3
226,user0226,pw10226,오영식,010-0801-0062,101,504,24,1
227,user0227,pw10227,김정자,02-3875-0997,102,504,52,5
228,user0228,pw10228,김옥자,061-008-4840,103,504,18,1
229,user0229,pw10229,한영자,042-118-2339,104,504,32,3
230,user0230,pw10230,송수민,055-156-7933,105,504,24,3
231,user0231,pw10231,류도현,017-016-6687,106,504,52,3
232,user0232,pw10232,김민준,063-659-1803,107,504,32,4
233,user0233,pw10233,문중수,063-401-4890,108,504,24,1
234,user0234,pw10234,고건우,043-926-1429,109,504,45,4
235,user0235,pw10235,전성훈,010-5621-8501,110,504,45,3
236,user0236,pw10236,홍성현,016-965-0477,111,504,18,2
237,user0237,pw10237,최성훈,042-961-9431,112,504,52,5
238,user0238,pw10238,김정식,017-265-5110,113,504,38,4
239,user0239,pw10239,박지연,033-212-6788,114,504,38,4
240,user0240,pw10240,김미경,010-1995-6046,115,504,38,4
241,user0241,pw10241,김지후,044-982-6224,101,601,24,1
242,user0242,pw10242,박도윤,061-464-7154,102,601,52,4
243,user0243,pw10243,오예진,016-371-2406,103,601,18,2
244,user0244,pw10244,강준서,053-756-9245,104,601,32,1
245,user0245,pw10245,한예지,042-654-7935,105,601,24,2
246,user0246,pw10246,류승민,033-939-8280,106,601,52,2
247,user0247,pw10247,박정희,062-416-7243,107,601,32,3
248,user0248,pw10248,김승현,055-179-7968,108,601,24,3
249,user0249,pw10249,허정순,010-0589-1135,109,601,45,4
250,user0250,pw10250,강영호,017-656-1014,110,601,45,4
251,user0251,pw10251,신영호,019-937-5679,111,601,18,1
252,user0252,pw10252,김혜진,063-146-1125,112,601,52,4
253,user0253,pw10253,박상철,063-571-7751,113,601,38,2
254,user0254,pw10254,송민석,053-123-8282,114,601,38,5
255,user0255,pw10255,이영길,055-226-6093,115,601,38,3
256,user0256,pw10256,이건우,043-341-9182,101,602,24,1
257,user0257,pw10257,김민석,018-785-9696,102,602,52,5
258,user0258,pw10258,이지현,016-249-9125,103,602,18,2
259,user0259,pw10259,이병철,019-286-6929,104,602,32,1
260,user0260,pw10260,김재현,019-282-7422,105,602,24,2
261,user0261,pw10261,박도윤,054-072-3688,106,602,52,4
262,user0262,pw10262,이예지,019-772-1903,107,602,32,3
263,user0263,pw10263,이영철,042-797-8819,108,602,24,3
264,user0264,pw10264,황준영,054-807-8361,109,602,45,3
265,user0265,pw10265,윤선영,031-745-1713,110,602,45,3
266,user0266,pw10266,서정수,019-962-9233,111,602,18,1
267,user0267,pw10267,최옥자,016-825-4494,112,602,52,3
268,user0268,pw10268,박하윤,033-260-4223,113,602,38,2
269,user0269,pw10269,이상호,018-672-9466,114,602,38,3
270,user0270,pw10270,강중수,032-684-5775,115,602,38,5
271,user0271,pw10271,문지혜,032-751-8636,101,603,24,1
272,user0272,pw10272,박숙자,052-589-2975,102,603,52,4
273,user0273,pw10273,권경희,017-701-2770,103,603,18,1
274,user0274,pw10274,이혜진,041-424-1541,104,603,32,2
275,user0275,pw10275,배민준,055-436-1103,105,603,24,1
276,user0276,pw10276,김상현,018-700-5162,106,603,52,6
277,user0277,pw10277,김동현,033-155-4262,107,603,32,1
278,user0278,pw10278,장명자,011-092-7532,108,603,24,3
279,user0279,pw10279,강영희,043-112-1965,109,603,45,3
280,user0280,pw10280,이민서,051-138-9994,110,603,45,3
281,user0281,pw10281,한지혜,018-438-9836,111,603,18,2
282,user0282,pw10282,김지후,044-761-3791,112,603,52,3
283,user0283,pw10283,구혜진,053-269-6582,113,603,38,3
284,user0284,pw10284,곽지영,02-9104-3006,114,603,38,3
285,user0285,pw10285,강예진,061-661-8892,115,603,38,4
286,user0286,pw10286,이영일,043-285-6914,101,604,24,1
287,user0287,pw10287,서지혜,031-316-1799,102,604,52,6
288,user0288,pw10288,장재호,042-102-0275,103,604,18,1
289,user0289,pw10289,황정희,042-524-1056,104,604,32,3
290,user0290,pw10290,김정식,011-177-8507,105,604,24,3
291,user0291,pw10291,김민지,033-913-8000,106,604,52,4
292,user0292,pw10292,박성훈,041-208-6353,107,604,32,2
293,user0293,pw10293,오서준,032-951-8023,108,604,24,1
294,user0294,pw10294,나현주,032-744-5187,109,604,45,4
295,user0295,pw10295,김영호,052-937-5973,110,604,45,4
296,user0296,pw10296,정지우,041-060-3850,111,604,18,1
297,user0297,pw10297,김은지,070-4138-3670,112,604,52,3
298,user0298,pw10298,김수빈,031-386-5719,113,604,38,2
299,user0299,pw10299,김준서,032-990-6234,114,604,38,4
300,user0300,pw10300,이주원,019-557-4313,115,604,38,2
301,user0301,pw10301,황민석,033-277-5618,101,701,24,3
302,user0302,pw10302,황영길,062-411-2490,102,701,52,5
303,user0303,pw10303,고민재,019-356-8044,103,701,18,3
304,user0304,pw10304,김현정,062-883-1712,104,701,32,4
305,user0305,pw10305,김종수,044-236-5199,105,701,24,2
306,user0306,pw10306,송경수,032-372-1510,106,701,52,4
307,user0307,pw10307,김현숙,061-670-6625,107,701,32,3
308,user0308,pw10308,김서준,041-099-9347,108,701,24,1
309,user0309,pw10309,최도윤,051-626-3838,109,701,45,4
310,user0310,pw10310,진지영,054-787-5985,110,701,45,4
311,user0311,pw10311,김성수,044-040-7859,111,701,18,1
312,user0312,pw10312,우미숙,018-348-0396,112,701,52,3
313,user0313,pw10313,홍준혁,042-395-5905,113,701,38,3
314,user0314,pw10314,최윤서,043-784-2701,114,701,38,3
315,user0315,pw10315,조경수,063-059-3252,115,701,38,4
316,user0316,pw10316,홍순옥,02-2921-8515,101,702,24,2
317,user0317,pw10317,장은서,053-452-2675,102,702,52,5
318,user0318,pw10318,주정수,016-539-2644,103,702,18,2
319,user0319,pw10319,서진호,011-690-2959,104,702,32,3
320,user0320,pw10320,최진우,041-513-5521,105,702,24,1
321,user0321,pw10321,장지민,053-704-3315,106,702,52,5
322,user0322,pw10322,김건우,055-762-6765,107,702,32,3
323,user0323,pw10323,김예지,011-327-1040,108,702,24,1
324,user0324,pw10324,곽도현,042-621-8159,109,702,45,3
325,user0325,pw10325,손정자,061-296-2015,110,702,45,4
326,user0326,pw10326,김정식,070-8444-3106,111,702,18,1
327,user0327,pw10327,홍민서,054-061-4973,112,702,52,4
328,user0328,pw10328,김재현,032-714-6774,113,702,38,4
329,user0329,pw10329,정병철,055-527-0477,114,702,38,2
330,user0330,pw10330,홍영호,041-115-8693,115,702,38,2
331,user0331,pw10331,홍지은,061-879-3741,101,703,24,2
332,user0332,pw10332,고경수,011-899-2172,102,703,52,5
333,user0333,pw10333,김서영,043-206-1632,103,703,18,2
334,user0334,pw10334,김하은,032-168-6854,104,703,32,1
335,user0335,pw10335,허경숙,019-998-6162,105,703,24,2
336,user0336,pw10336,최정훈,033-191-4856,106,703,52,4
337,user0337,pw10337,윤영환,063-024-6299,107,703,32,4
338,user0338,pw10338,이영숙,053-307-4505,108,703,24,3
339,user0339,pw10339,이수빈,063-132-4754,109,703,45,4
340,user0340,pw10340,조미경,062-367-8508,110,703,45,1
341,user0341,pw10341,김정희,055-289-0233,111,703,18,1
342,user0342,pw10342,김예원,054-345-7861,112,703,52,4
343,user0343,pw10343,김예지,062-279-8552,113,703,38,3
344,user0344,pw10344,김지현,032-406-0293,114,703,38,2
345,user0345,pw10345,윤정순,051-680-0722,115,703,38,3
346,user0346,pw10346,김선영,052-466-5743,101,704,24,3
347,user0347,pw10347,장준영,055-910-8589,102,704,52,3
348,user0348,pw10348,이미영,032-545-4443,103,704,18,1
349,user0349,pw10349,권지후,016-652-0744,104,704,32,2
350,user0350,pw10350,이지민,011-935-3875,105,704,24,1
351,user0351,pw10351,홍지현,010-2417-2482,106,704,52,3
352,user0352,pw10352,배은지,044-534-6554,107,704,32,3
353,user0353,pw10353,박미영,031-999-1738,108,704,24,3
354,user0354,pw10354,장영진,061-022-3569,109,704,45,5
355,user0355,pw10355,민민서,019-217-5250,110,704,45,2
356,user0356,pw10356,이정훈,042-927-1296,111,704,18,1
357,user0357,pw10357,이현주,055-008-3505,112,704,52,4
358,user0358,pw10358,박경자,02-3354-2168,113,704,38,2
359,user0359,pw10359,김지은,052-478-9856,114,704,38,3
360,user0360,pw10360,지순자,063-532-6033,115,704,38,3
361,user0361,pw10361,김지민,011-821-5064,101,801,24,1
362,user0362,pw10362,강은서,031-100-1676,102,801,52,5
363,user0363,pw10363,김정식,043-046-1849,103,801,18,2
364,user0364,pw10364,김지은,033-891-4117,104,801,32,2
365,user0365,pw10365,김상훈,064-735-6420,105,801,24,2
366,user0366,pw10366,백정순,063-530-0119,106,801,52,5
367,user0367,pw10367,김미경,064-711-4374,107,801,32,1
368,user0368,pw10368,김준서,031-455-6110,108,801,24,1
369,user0369,pw10369,김재호,053-579-4155,109,801,45,2
370,user0370,pw10370,이진호,051-676-2120,110,801,45,4
371,user0371,pw10371,홍미숙,011-797-2965,111,801,18,1
372,user0372,pw10372,문춘자,070-2771-6701,112,801,52,4
373,user0373,pw10373,이정식,018-899-3588,113,801,38,4
374,user0374,pw10374,강영희,070-3756-2890,114,801,38,2
375,user0375,pw10375,심영일,063-721-7535,115,801,38,2
376,user0376,pw10376,김서윤,017-663-1779,101,802,24,2
377,user0377,pw10377,고영길,033-701-6608,102,802,52,3
378,user0378,pw10378,류지우,016-488-3755,103,802,18,2
379,user0379,pw10379,류지현,053-899-7571,104,802,32,3
380,user0380,pw10380,윤건우,054-488-5102,105,802,24,1
381,user0381,pw10381,류정호,061-149-3316,106,802,52,3
382,user0382,pw10382,류병철,053-160-9177,107,802,32,2
383,user0383,pw10383,곽미정,063-080-8697,108,802,24,3
384,user0384,pw10384,황하은,019-922-1699,109,802,45,2
385,user0385,pw10385,박영숙,016-346-5472,110,802,45,4
386,user0386,pw10386,조중수,064-748-5833,111,802,18,1
387,user0387,pw10387,오정수,018-228-8515,112,802,52,3
388,user0388,pw10388,최현정,019-684-6081,113,802,38,4
389,user0389,pw10389,김정남,043-424-4204,114,802,38,4
390,user0390,pw10390,정성호,062-198-3863,115,802,38,4
391,user0391,pw10391,안정자,019-066-6580,101,803,24,2
392,user0392,pw10392,김우진,062-359-8933,102,803,52,5
393,user0393,pw10393,김정수,042-281-6064,103,803,18,1
394,user0394,pw10394,김은경,051-057-2025,104,803,32,3
395,user0395,pw10395,황은정,018-479-8515,105,803,24,2
396,user0396,pw10396,성옥순,064-726-8861,106,803,52,5
397,user0397,pw10397,양정남,053-543-9878,107,803,32,3
398,user0398,pw10398,나경숙,018-573-9930,108,803,24,2
399,user0399,pw10399,이하은,033-648-4085,109,803,45,4
400,user0400,pw10400,박예지,052-358-1128,110,803,45,5
401,user0401,pw10401,강서영,017-361-3861,111,803,18,2
402,user0402,pw10402,김예원,053-011-0248,112,803,52,4
403,user0403,pw10403,류지훈,061-676-6506,113,803,38,2
404,user0404,pw10404,박은주,016-190-1581,114,803,38,3
405,user0405,pw10405,임예준,052-766-0728,115,803,38,4
406,user0406,pw10406,신주원,010-4245-0882,101,804,24,1
407,user0407,pw10407,김예준,010-8143-5368,102,804,52,4
408,user0408,pw10408,김우진,051-312-9087,103,804,18,2
409,user0409,pw10409,김정숙,051-139-7552,104,804,32,2
410,user0410,pw10410,김수빈,032-357-7594,105,804,24,3
411,user0411,pw10411,김윤서,053-620-5336,106,804,52,5
412,user0412,pw10412,이정수,053-777-5478,107,804,32,3
413,user0413,pw10413,윤도현,051-283-4110,108,804,24,3
414,user0414,pw10414,강지원,011-693-0848,109,804,45,3
415,user0415,pw10415,박은지,041-563-9427,110,804,45,4
416,user0416,pw10416,김아름,02-3928-2722,111,804,18,2
417,user0417,pw10417,최채원,041-750-3731,112,804,52,4
418,user0418,pw10418,김정남,064-756-7700,113,804,38,3
419,user0419,pw10419,이정자,064-744-9892,114,804,38,3
420,user0420,pw10420,이영환,032-846-3865,115,804,38,3
421,user0421,pw10421,이지우,016-082-7231,101,901,24,1
422,user0422,pw10422,이민서,042-591-3651,102,901,52,5
423,user0423,pw10423,박상철,042-603-0299,103,901,18,2
424,user0424,pw10424,강광수,011-202-4286,104,901,32,4
425,user0425,pw10425,최경자,070-4137-9772,105,901,24,2
426,user0426,pw10426,이민수,011-298-4257,106,901,52,3
427,user0427,pw10427,김영미,041-103-8862,107,901,32,2
428,user0428,pw10428,김하윤,016-088-1172,108,901,24,2
429,user0429,pw10429,박경숙,018-686-5086,109,901,45,5
430,user0430,pw10430,송주원,055-599-1624,110,901,45,3
431,user0431,pw10431,김준호,052-986-4300,111,901,18,4
432,user0432,pw10432,김경숙,017-356-5126,112,901,52,4
433,user0433,pw10433,김지혜,061-959-4636,113,901,38,6
434,user0434,pw10434,최보람,010-8744-9562,114,901,38,4
435,user0435,pw10435,윤지아,062-213-8658,115,901,38,4
436,user0436,pw10436,임명숙,055-012-7961,101,902,24,3
437,user0437,pw10437,김도현,031-669-8490,102,902,52,6
438,user0438,pw10438,류은주,062-038-4309,103,902,18,2
439,user0439,pw10439,한은영,018-053-0214,104,902,32,3
440,user0440,pw10440,이영숙,011-380-1184,105,902,24,1
441,user0441,pw10441,최은경,054-439-3769,106,902,52,4
442,user0442,pw10442,김영일,010-1845-1848,107,902,32,3
443,user0443,pw10443,최정자,055-973-5779,108,902,24,1
444,user0444,pw10444,박선영,055-335-6588,109,902,45,5
445,user0445,pw10445,전상호,032-651-8275,110,902,45,4
446,user0446,pw10446,손서준,070-3733-3433,111,902,18,1
447,user0447,pw10447,김우진,041-111-7908,112,902,52,6
448,user0448,pw10448,홍영미,053-794-7284,113,902,38,1
449,user0449,pw10449,권민수,064-767-8085,114,902,38,3
450,user0450,pw10450,임민준,033-875-0036,115,902,38,4
451,user0451,pw10451,이은영,051-284-3479,101,903,24,1
452,user0452,pw10452,김승현,061-556-4729,102,903,52,4
453,user0453,pw10453,최상현,033-438-6632,103,903,18,2
454,user0454,pw10454,서예은,02-2672-8857,104,903,32,2
455,user0455,pw10455,최영호,055-120-3471,105,903,24,4
456,user0456,pw10456,이성호,010-8450-6159,106,903,52,4
457,user0457,pw10457,최재호,042-455-8771,107,903,32,5
458,user0458,pw10458,이재현,041-256-9961,108,903,24,1
459,user0459,pw10459,이성수,017-449-6475,109,903,45,5
460,user0460,pw10460,박예원,042-202-3413,110,903,45,5
461,user0461,pw10461,김도윤,063-800-6811,111,903,18,2
462,user0462,pw10462,김재호,055-433-4722,112,903,52,3
463,user0463,pw10463,김경희,054-577-8487,113,903,38,3
464,user0464,pw10464,하영철,011-979-6884,114,903,38,4
465,user0465,pw10465,박서윤,032-745-6424,115,903,38,2
466,user0466,pw10466,박정훈,041-547-8077,101,904,24,3
467,user0467,pw10467,권주원,016-308-5368,102,904,52,4
468,user0468,pw10468,김정웅,017-663-4163,103,904,18,2
469,user0469,pw10469,송은영,019-448-4631,104,904,32,3
470,user0470,pw10470,이재현,016-749-7350,105,904,24,2
471,user0471,pw10471,주경수,033-442-7031,106,904,52,5
472,user0472,pw10472,박성현,052-757-0512,107,904,32,2
473,user0473,pw10473,황도윤,063-234-6013,108,904,24,1
474,user0474,pw10474,우상호,031-371-8376,109,904,45,3
475,user0475,pw10475,이숙자,017-088-1474,110,904,45,4
476,user0476,pw10476,손준호,043-136-5024,111,904,18,1
477,user0477,pw10477,이서현,031-979-2513,112,904,52,4
478,user0478,pw10478,김우진,017-005-2812,113,904,38,4
479,user0479,pw10479,이영호,017-573-0652,114,904,38,3
480,user0480,pw10480,김정식,010-4873-9285,115,904,38,3
481,user0481,pw10481,박준호,016-821-8274,101,1001,24,2
482,user0482,pw10482,정예원,017-862-0959,102,1001,52,4
483,user0483,pw10483,오재호,010-6387-8294,103,1001,18,2
484,user0484,pw10484,윤민석,064-710-2203,104,1001,32,4
485,user0485,pw10485,김경수,017-678-9940,105,1001,24,2
486,user0486,pw10486,조도윤,043-717-0586,106,1001,52,3
487,user0487,pw10487,안명숙,016-480-1413,107,1001,32,3
488,user0488,pw10488,김지민,010-6338-3928,108,1001,24,4
489,user0489,pw10489,이미숙,017-957-6122,109,1001,45,3
490,user0490,pw10490,박은지,010-9755-8556,110,1001,45,4
491,user0491,pw10491,이지민,016-398-3684,111,1001,18,2
492,user0492,pw10492,박진호,02-0490-8240,112,1001,52,5
493,user0493,pw10493,김준혁,02-4888-9921,113,1001,38,4
494,user0494,pw10494,이민수,054-933-4419,114,1001,38,2
495,user0495,pw10495,허정호,070-5727-9194,115,1001,38,3
496,user0496,pw10496,송성훈,031-556-6139,101,1002,24,2
497,user0497,pw10497,강은주,031-480-5892,102,1002,52,2
498,user0498,pw10498,한민재,018-679-9813,103,1002,18,1
499,user0499,pw10499,안민재,053-179-0864,104,1002,32,4
500,user0500,pw10500,박종수,041-278-3769,105,1002,24,3
501,user0501,pw10501,강정호,044-314-6591,106,1002,52,5
502,user0502,pw10502,이성호,043-559-0425,107,1002,32,3
503,user0503,pw10503,진영희,041-703-3521,108,1002,24,3
504,user0504,pw10504,김진호,041-405-1477,109,1002,45,5
505,user0505,pw10505,김영철,043-884-8792,110,1002,45,5
506,user0506,pw10506,장영미,018-804-2043,111,1002,18,2
507,user0507,pw10507,강명숙,017-016-4510,112,1002,52,4
508,user0508,pw10508,양성훈,055-815-7981,113,1002,38,2
509,user0509,pw10509,박영길,019-003-8457,114,1002,38,4
510,user0510,pw10510,김성현,054-543-8404,115,1002,38,4
511,user0511,pw10511,손지원,02-8432-5621,101,1003,24,2
512,user0512,pw10512,박정순,017-363-9264,102,1003,52,2
513,user0513,pw10513,이유진,043-298-3248,103,1003,18,1
514,user0514,pw10514,이하은,041-925-1881,104,1003,32,3
515,user0515,pw10515,홍민재,02-5664-7423,105,1003,24,1
516,user0516,pw10516,김정훈,016-949-9939,106,1003,52,3
517,user0517,pw10517,임성호,019-728-9752,107,1003,32,3
518,user0518,pw10518,박미정,043-306-0463,108,1003,24,1
519,user0519,pw10519,민지연,032-279-7573,109,1003,45,3
520,user0520,pw10520,황우진,055-569-9988,110,1003,45,5
521,user0521,pw10521,한경희,033-770-3886,111,1003,18,3
522,user0522,pw10522,김영숙,017-034-7644,112,1003,52,6
523,user0523,pw10523,이우진,031-827-7181,113,1003,38,3
524,user0524,pw10524,최지후,010-2665-7027,114,1003,38,3
525,user0525,pw10525,오서영,062-145-2111,115,1003,38,4
526,user0526,pw10526,강미경,019-689-2686,101,1004,24,1
527,user0527,pw10527,김성진,018-222-2064,102,1004,52,5
528,user0528,pw10528,황시우,017-212-3094,103,1004,18,3
529,user0529,pw10529,박영식,02-9733-9776,104,1004,32,3
530,user0530,pw10530,조건우,010-4983-0220,105,1004,24,1
531,user0531,pw10531,김지혜,018-994-5101,106,1004,52,4
532,user0532,pw10532,김정남,016-998-2795,107,1004,32,3
533,user0533,pw10533,김수진,054-616-8147,108,1004,24,1
534,user0534,pw10534,한서준,064-768-3390,109,1004,45,4
535,user0535,pw10535,서재현,032-794-6954,110,1004,45,3
536,user0536,pw10536,지아름,041-997-8772,111,1004,18,3
537,user0537,pw10537,김수빈,043-010-7139,112,1004,52,4
538,user0538,pw10538,이순옥,010-3034-4144,113,1004,38,3
539,user0539,pw10539,이경숙,018-556-9902,114,1004,38,3
540,user0540,pw10540,전지훈,063-702-7278,115,1004,38,4
541,user0541,pw10541,박지원,070-0849-5880,101,1101,24,1
542,user0542,pw10542,임주원,054-124-0568,102,1101,52,4
543,user0543,pw10543,최영숙,016-145-0461,103,1101,18,2
544,user0544,pw10544,김영길,052-384-2150,104,1101,32,2
545,user0545,pw10545,백영희,02-7823-5784,105,1101,24,2
546,user0546,pw10546,김채원,064-723-0768,106,1101,52,3
547,user0547,pw10547,이광수,016-157-0184,107,1101,32,3
548,user0548,pw10548,권재현,043-533-4485,108,1101,24,2
549,user0549,pw10549,장수민,042-410-9881,109,1101,45,3
550,user0550,pw10550,이성수,041-493-2149,110,1101,45,3
551,user0551,pw10551,박명숙,02-7016-0166,111,1101,18,1
552,user0552,pw10552,최예준,019-795-4538,112,1101,52,3
553,user0553,pw10553,유정훈,011-217-1747,113,1101,38,4
554,user0554,pw10554,하민재,016-456-2557,114,1101,38,4
555,user0555,pw10555,김민석,063-724-5992,115,1101,38,2
556,user0556,pw10556,이정희,033-581-4876,101,1102,24,2
557,user0557,pw10557,김서현,042-761-5396,102,1102,52,4
558,user0558,pw10558,이지우,010-3219-7199,103,1102,18,2
559,user0559,pw10559,최준영,042-461-9196,104,1102,32,3
560,user0560,pw10560,윤도윤,043-290-2278,105,1102,24,1
561,user0561,pw10561,강영길,043-549-4651,106,1102,52,5
562,user0562,pw10562,강옥순,041-405-8008,107,1102,32,2
563,user0563,pw10563,이지혜,02-3696-5666,108,1102,24,2
564,user0564,pw10564,김민준,041-386-5624,109,1102,45,4
565,user0565,pw10565,장미정,032-027-6212,110,1102,45,4
566,user0566,pw10566,이예원,019-969-2786,111,1102,18,1
567,user0567,pw10567,박아름,042-690-9738,112,1102,52,3
568,user0568,pw10568,남영환,031-097-5197,113,1102,38,4
569,user0569,pw10569,김지민,064-747-8189,114,1102,38,3
570,user0570,pw10570,박정호,018-189-4905,115,1102,38,5
571,user0571,pw10571,김예원,063-956-5442,101,1103,24,4
572,user0572,pw10572,유정호,070-9407-9290,102,1103,52,5
573,user0573,pw10573,이지민,02-4712-8144,103,1103,18,3
574,user0574,pw10574,이준호,02-1929-2752,104,1103,32,3
575,user0575,pw10575,한영식,064-705-1292,105,1103,24,4
576,user0576,pw10576,권영순,055-372-3950,106,1103,52,3
577,user0577,pw10577,권미영,042-767-4783,107,1103,32,1
578,user0578,pw10578,한영수,041-860-4765,108,1103,24,4
579,user0579,pw10579,장경희,010-5694-5441,109,1103,45,4
580,user0580,pw10580,최영길,018-393-8525,110,1103,45,5
581,user0581,pw10581,장지현,02-6181-7534,111,1103,18,2
582,user0582,pw10582,김우진,031-939-1119,112,1103,52,5
583,user0583,pw10583,윤지후,011-212-4471,113,1103,38,4
584,user0584,pw10584,유수민,061-542-1406,114,1103,38,3
585,user0585,pw10585,지상훈,051-271-7396,115,1103,38,4
586,user0586,pw10586,박민재,061-391-7410,101,1104,24,3
587,user0587,pw10587,최상훈,062-072-0064,102,1104,52,4
588,user0588,pw10588,이성훈,02-8776-6183,103,1104,18,2
589,user0589,pw10589,곽준서,063-198-5546,104,1104,32,2
590,user0590,pw10590,엄재호,054-851-7432,105,1104,24,3
591,user0591,pw10591,주은지,052-615-7173,106,1104,52,5
592,user0592,pw10592,김정웅,011-376-1847,107,1104,32,3
593,user0593,pw10593,전예원,02-0505-0613,108,1104,24,4
594,user0594,pw10594,장예원,018-829-3102,109,1104,45,3
595,user0595,pw10595,김지후,016-032-0204,110,1104,45,4
596,user0596,pw10596,김은영,011-111-7993,111,1104,18,1
597,user0597,pw10597,김성진,070-6519-8253,112,1104,52,4
598,user0598,pw10598,최순옥,033-426-2582,113,1104,38,2
599,user0599,pw10599,유광수,033-962-0710,114,1104,38,2
600,user0600,pw10600,유정식,011-467-2324,115,1104,38,2
601,user0601,pw10601,이현숙,016-092-7914,101,1201,24,2
602,user0602,pw10602,김상호,033-819-5883,102,1201,52,5
603,user0603,pw10603,강상철,031-312-7722,103,1201,18,1
604,user0604,pw10604,김은주,052-364-5970,104,1201,32,4
605,user0605,pw10605,김영철,042-078-1137,105,1201,24,1
606,user0606,pw10606,이서연,018-531-5313,106,1201,52,5
607,user0607,pw10607,문영미,044-179-7062,107,1201,32,3
608,user0608,pw10608,강민준,054-273-5435,108,1201,24,1
609,user0609,pw10609,한도윤,041-177-6253,109,1201,45,3
610,user0610,pw10610,조지우,017-929-8316,110,1201,45,4
611,user0611,pw10611,박혜진,011-774-0633,111,1201,18,1
612,user0612,pw10612,최중수,011-290-6007,112,1201,52,4
613,user0613,pw10613,박영자,055-717-7318,113,1201,38,1
614,user0614,pw10614,한영순,043-254-3107,114,1201,38,3
615,user0615,pw10615,김예원,011-907-7262,115,1201,38,4
616,user0616,pw10616,이예은,017-016-5804,101,1202,24,1
617,user0617,pw10617,이진우,010-9319-5085,102,1202,52,5
618,user0618,pw10618,김아름,016-055-2818,103,1202,18,2
619,user0619,pw10619,김현지,044-817-9335,104,1202,32,2
620,user0620,pw10620,이정수,051-015-5778,105,1202,24,3
621,user0621,pw10621,김정희,018-847-9513,106,1202,52,4
622,user0622,pw10622,박미경,042-411-2412,107,1202,32,2
623,user0623,pw10623,양영진,017-046-8275,108,1202,24,2
624,user0624,pw10624,서경수,043-103-8569,109,1202,45,3
625,user0625,pw10625,윤성진,011-887-7492,110,1202,45,4
626,user0626,pw10626,이지우,044-754-0254,111,1202,18,1
627,user0627,pw10627,김지훈,019-842-2223,112,1202,52,5
628,user0628,pw10628,지영환,062-452-3805,113,1202,38,3
629,user0629,pw10629,김예원,042-841-0672,114,1202,38,5
630,user0630,pw10630,남민지,070-8854-7492,115,1202,38,4
631,user0631,pw10631,서하은,053-170-2814,101,1203,24,1
632,user0632,pw10632,강상현,054-150-9398,102,1203,52,3
633,user0633,pw10633,심서준,02-1871-8637,103,1203,18,2
634,user0634,pw10634,조진우,018-562-6565,104,1203,32,3
635,user0635,pw10635,이성수,062-813-7674,105,1203,24,1
636,user0636,pw10636,서지후,070-6299-1234,106,1203,52,3
637,user0637,pw10637,문현준,032-961-0646,107,1203,32,4
638,user0638,pw10638,박영호,041-326-4870,108,1203,24,2
639,user0639,pw10639,이은서,063-873-0024,109,1203,45,2
640,user0640,pw10640,윤재현,033-462-7301,110,1203,45,4
641,user0641,pw10641,박현지,016-597-9647,111,1203,18,3
642,user0642,pw10642,류영미,070-9042-9025,112,1203,52,4
643,user0643,pw10643,한성호,031-456-5044,113,1203,38,4
644,user0644,pw10644,심옥순,017-219-2855,114,1203,38,4
645,user0645,pw10645,임수진,018-518-9520,115,1203,38,2
646,user0646,pw10646,이종수,061-521-3283,101,1204,24,2
647,user0647,pw10647,안윤서,019-888-1671,102,1204,52,3
648,user0648,pw10648,김건우,054-452-7985,103,1204,18,2
649,user0649,pw10649,이정호,033-322-3423,104,1204,32,3
650,user0650,pw10650,김정수,033-107-6031,105,1204,24,2
651,user0651,pw10651,장예준,063-140-1401,106,1204,52,5
652,user0652,pw10652,허서영,043-250-1249,107,1204,32,2
653,user0653,pw10653,김영일,070-9389-1190,108,1204,24,1
654,user0654,pw10654,오현주,042-801-3875,109,1204,45,4
655,user0655,pw10655,김정숙,033-256-6383,110,1204,45,2
656,user0656,pw10656,권성수,062-182-7548,111,1204,18,1
657,user0657,pw10657,김예진,055-479-4738,112,1204,52,5
658,user0658,pw10658,민승현,032-752-0716,113,1204,38,4
659,user0659,pw10659,윤도현,041-669-1215,114,1204,38,2
660,user0660,pw10660,이은서,055-136-7499,115,1204,38,3
661,user0661,pw10661,안재호,055-579-6784,101,1301,24,3
662,user0662,pw10662,박민석,063-732-0101,102,1301,52,5
663,user0663,pw10663,김병철,016-524-9911,103,1301,18,1
664,user0664,pw10664,박예지,062-347-7848,104,1301,32,2
665,user0665,pw10665,고영철,031-616-7567,105,1301,24,1
666,user0666,pw10666,김영호,052-276-2467,106,1301,52,5
667,user0667,pw10667,최예지,010-8977-8280,107,1301,32,2
668,user0668,pw10668,박현우,016-545-0090,108,1301,24,1
669,user0669,pw10669,이준서,011-056-1655,109,1301,45,3
670,user0670,pw10670,김상호,044-491-1415,110,1301,45,3
671,user0671,pw10671,박광수,018-698-6407,111,1301,18,1
672,user0672,pw10672,민영미,055-591-7135,112,1301,52,4
673,user0673,pw10673,송정남,042-945-6371,113,1301,38,3
674,user0674,pw10674,박수빈,031-496-3919,114,1301,38,5
675,user0675,pw10675,이도윤,064-776-3514,115,1301,38,2
676,user0676,pw10676,이정숙,053-366-4987,101,1302,24,3
677,user0677,pw10677,최춘자,017-829-7374,102,1302,52,5
678,user0678,pw10678,박은영,061-908-3572,103,1302,18,1
679,user0679,pw10679,신정훈,061-651-3644,104,1302,32,2
680,user0680,pw10680,김은영,055-312-3034,105,1302,24,1
681,user0681,pw10681,최시우,017-032-4204,106,1302,52,3
682,user0682,pw10682,이유진,017-070-0159,107,1302,32,3
683,user0683,pw10683,김진호,054-162-3198,108,1302,24,1
684,user0684,pw10684,박지은,064-747-1391,109,1302,45,4
685,user0685,pw10685,이지현,070-6363-2123,110,1302,45,3
686,user0686,pw10686,박선영,011-078-5158,111,1302,18,3
687,user0687,pw10687,장진호,041-575-4090,112,1302,52,5
688,user0688,pw10688,장현정,019-348-6451,113,1302,38,4
689,user0689,pw10689,김영희,02-6441-3432,114,1302,38,3
690,user0690,pw10690,강춘자,017-604-1776,115,1302,38,3
691,user0691,pw10691,이영자,033-248-1569,101,1303,24,1
692,user0692,pw10692,최순옥,019-002-7206,102,1303,52,5
693,user0693,pw10693,이영환,033-238-2965,103,1303,18,1
694,user0694,pw10694,양민수,042-954-3165,104,1303,32,2
695,user0695,pw10695,양진우,011-300-8931,105,1303,24,3
696,user0696,pw10696,김정자,042-069-6942,106,1303,52,4
697,user0697,pw10697,이진호,033-086-7713,107,1303,32,3
698,user0698,pw10698,김채원,051-476-2639,108,1303,24,2
699,user0699,pw10699,류정웅,043-626-2044,109,1303,45,3
700,user0700,pw10700,박상호,011-710-7256,110,1303,45,2
701,user0701,pw10701,오정희,070-9411-8005,111,1303,18,2
702,user0702,pw10702,박아름,016-900-4896,112,1303,52,2
703,user0703,pw10703,이성호,010-0924-2875,113,1303,38,3
704,user0704,pw10704,김숙자,064-762-4150,114,1303,38,4
705,user0705,pw10705,박현지,051-564-4948,115,1303,38,3
706,user0706,pw10706,손성수,063-287-0320,101,1304,24,2
707,user0707,pw10707,김상훈,019-761-7075,102,1304,52,4
708,user0708,pw10708,최예원,033-215-1342,103,1304,18,1
709,user0709,pw10709,권지은,011-939-0892,104,1304,32,3
710,user0710,pw10710,김종수,018-150-4165,105,1304,24,1
711,user0711,pw10711,하지현,041-017-7749,106,1304,52,4
712,user0712,pw10712,이경희,016-759-2304,107,1304,32,3
713,user0713,pw10713,김도윤,016-616-4236,108,1304,24,1
714,user0714,pw10714,고민준,055-421-4764,109,1304,45,4
715,user0715,pw10715,조아름,033-583-7767,110,1304,45,3
716,user0716,pw10716,조동현,061-592-6610,111,1304,18,2
717,user0717,pw10717,우정숙,017-278-8147,112,1304,52,5
718,user0718,pw10718,백영수,041-243-8649,113,1304,38,1
719,user0719,pw10719,김광수,033-866-1794,114,1304,38,4
720,user0720,pw10720,최종수,02-1722-6016,115,1304,38,3
721,user0721,pw10721,이은서,062-794-5232,101,1401,24,1
722,user0722,pw10722,나상훈,018-168-0061,102,1401,52,5
723,user0723,pw10723,윤영길,055-974-9956,103,1401,18,1
724,user0724,pw10724,김미정,043-103-0372,104,1401,32,3
725,user0725,pw10725,이은정,010-3147-2760,105,1401,24,2
726,user0726,pw10726,배정호,062-770-7933,106,1401,52,5
727,user0727,pw10727,류성훈,053-016-6799,107,1401,32,2
728,user0728,pw10728,엄경희,055-789-9730,108,1401,24,1
729,user0729,pw10729,이숙자,032-467-1795,109,1401,45,2
730,user0730,pw10730,이민준,070-3757-3839,110,1401,45,3
731,user0731,pw10731,이은영,019-724-6657,111,1401,18,1
732,user0732,pw10732,홍은정,052-172-2329,112,1401,52,4
733,user0733,pw10733,안진우,063-433-8005,113,1401,38,5
734,user0734,pw10734,이민지,064-701-5619,114,1401,38,4
735,user0735,pw10735,최영식,053-508-4289,115,1401,38,2
736,user0736,pw10736,한현숙,062-711-9918,101,1402,24,2
737,user0737,pw10737,김재현,043-524-7871,102,1402,52,3
738,user0738,pw10738,이준서,033-376-0375,103,1402,18,1
739,user0739,pw10739,김상훈,019-653-2863,104,1402,32,2
740,user0740,pw10740,이지훈,062-850-7208,105,1402,24,3
741,user0741,pw10741,김숙자,042-606-0290,106,1402,52,4
742,user0742,pw10742,구지우,064-746-6845,107,1402,32,5
743,user0743,pw10743,김수빈,064-792-6738,108,1402,24,1
744,user0744,pw10744,강영희,054-634-1085,109,1402,45,3
745,user0745,pw10745,오중수,064-784-3188,110,1402,45,4
746,user0746,pw10746,이재현,02-0894-3468,111,1402,18,2
747,user0747,pw10747,김성호,017-851-0174,112,1402,52,3
748,user0748,pw10748,김순자,044-998-9354,113,1402,38,3
749,user0749,pw10749,안정웅,018-268-3158,114,1402,38,1
750,user0750,pw10750,류아름,033-266-1106,115,1402,38,3
751,user0751,pw10751,박예원,054-869-8864,101,1403,24,2
752,user0752,pw10752,윤혜진,019-762-2827,102,1403,52,6
753,user0753,pw10753,김정자,064-713-7702,103,1403,18,1
754,user0754,pw10754,이현정,016-611-5940,104,1403,32,2
755,user0755,pw10755,김수진,054-447-0229,105,1403,24,1
756,user0756,pw10756,심성수,052-327-0185,106,1403,52,4
757,user0757,pw10757,김영수,052-975-6792,107,1403,32,2
758,user0758,pw10758,박예원,062-725-1996,108,1403,24,1
759,user0759,pw10759,배성진,031-741-2094,109,1403,45,5
760,user0760,pw10760,김윤서,043-989-0983,110,1403,45,4
761,user0761,pw10761,박경자,018-820-4339,111,1403,18,1
762,user0762,pw10762,송예준,055-907-0562,112,1403,52,4
763,user0763,pw10763,고성수,051-111-8242,113,1403,38,4
764,user0764,pw10764,황민재,061-209-5200,114,1403,38,3
765,user0765,pw10765,김민수,053-461-0339,115,1403,38,3
766,user0766,pw10766,박지아,055-140-5786,101,1404,24,3
767,user0767,pw10767,김재현,02-4891-3824,102,1404,52,3
768,user0768,pw10768,박지혜,064-732-5823,103,1404,18,2
769,user0769,pw10769,이하은,062-007-9420,104,1404,32,4
770,user0770,pw10770,허서준,051-653-9840,105,1404,24,1
771,user0771,pw10771,박도윤,032-612-8463,106,1404,52,5
772,user0772,pw10772,성숙자,018-547-4355,107,1404,32,3
773,user0773,pw10773,성성진,019-209-7002,108,1404,24,1
774,user0774,pw10774,손정식,055-811-8071,109,1404,45,4
775,user0775,pw10775,송준영,054-620-1753,110,1404,45,2
776,user0776,pw10776,김경수,051-531-9433,111,1404,18,2
777,user0777,pw10777,주경희,063-930-3614,112,1404,52,5
778,user0778,pw10778,박유진,018-999-2192,113,1404,38,4
779,user0779,pw10779,김현숙,044-843-0894,114,1404,38,4
780,user0780,pw10780,양경숙,061-056-6418,115,1404,38,2
781,user0781,pw10781,이정훈,070-3046-8750,101,1501,24,1
782,user0782,pw10782,이중수,02-3613-3254,102,1501,52,4
783,user0783,pw10783,강경수,061-095-4317,103,1501,18,2
784,user0784,pw10784,이도윤,053-831-9971,104,1501,32,3
785,user0785,pw10785,최미경,031-065-1207,105,1501,24,2
786,user0786,pw10786,강시우,033-080-4661,106,1501,52,6
787,user0787,pw10787,이채원,018-907-6769,107,1501,32,3
788,user0788,pw10788,이현숙,02-7859-3110,108,1501,24,2
789,user0789,pw10789,김지우,043-928-4567,109,1501,45,3
790,user0790,pw10790,박서현,031-024-9685,110,1501,45,3
791,user0791,pw10791,손종수,041-749-5450,111,1501,18,1
792,user0792,pw10792,윤민서,044-880-6533,112,1501,52,3
793,user0793,pw10793,김명자,043-779-5995,113,1501,38,4
794,user0794,pw10794,이민지,062-073-0337,114,1501,38,3
795,user0795,pw10795,김지민,053-636-2050,115,1501,38,3
796,user0796,pw10796,김민석,052-739-5003,101,1502,24,2
797,user0797,pw10797,김중수,070-2583-2302,102,1502,52,3
798,user0798,pw10798,백경자,018-261-5347,103,1502,18,1
799,user0799,pw10799,송정남,064-796-1122,104,1502,32,3
800,user0800,pw10800,김영미,054-596-3099,105,1502,24,1
801,user0801,pw10801,박주원,053-304-2897,106,1502,52,4
802,user0802,pw10802,김영수,018-912-8685,107,1502,32,2
803,user0803,pw10803,박성진,054-877-7496,108,1502,24,3
804,user0804,pw10804,안은지,043-337-3634,109,1502,45,4
805,user0805,pw10805,이민재,054-481-2147,110,1502,45,4
806,user0806,pw10806,김경희,064-795-6776,111,1502,18,2
807,user0807,pw10807,송성수,055-027-3415,112,1502,52,3
808,user0808,pw10808,이예진,010-1431-1150,113,1502,38,2
809,user0809,pw10809,이정숙,051-443-9284,114,1502,38,1
810,user0810,pw10810,이준영,055-690-7826,115,1502,38,4
811,user0811,pw10811,오상철,044-898-7751,101,1503,24,1
812,user0812,pw10812,김종수,019-637-7805,102,1503,52,3
813,user0813,pw10813,양성수,070-0755-3666,103,1503,18,1
814,user0814,pw10814,한수진,011-090-2259,104,1503,32,4
815,user0815,pw10815,조은영,055-636-1863,105,1503,24,2
816,user0816,pw10816,이진호,017-412-1820,106,1503,52,5
817,user0817,pw10817,조경자,043-164-3348,107,1503,32,2
818,user0818,pw10818,김영진,042-566-2128,108,1503,24,1
819,user0819,pw10819,서성훈,043-234-6729,109,1503,45,2
820,user0820,pw10820,이서영,019-743-0271,110,1503,45,3
821,user0821,pw10821,조선영,053-977-7901,111,1503,18,2
822,user0822,pw10822,양영길,019-469-2632,112,1503,52,4
823,user0823,pw10823,서예원,018-291-6032,113,1503,38,4
824,user0824,pw10824,강성민,032-376-8151,114,1503,38,2
825,user0825,pw10825,박지영,061-724-3807,115,1503,38,2
826,user0826,pw10826,윤정남,062-656-3600,101,1504,24,3
827,user0827,pw10827,오민수,018-777-1183,102,1504,52,4
828,user0828,pw10828,이예은,051-220-9124,103,1504,18,1
829,user0829,pw10829,서민준,018-042-7523,104,1504,32,2
830,user0830,pw10830,손옥자,062-081-6470,105,1504,24,2
831,user0831,pw10831,김영미,043-353-3106,106,1504,52,3
832,user0832,pw10832,김준서,018-131-2206,107,1504,32,2
833,user0833,pw10833,송숙자,017-393-8661,108,1504,24,3
834,user0834,pw10834,김성진,02-6506-3731,109,1504,45,5
835,user0835,pw10835,이은정,031-136-4971,110,1504,45,1
836,user0836,pw10836,안하은,011-241-9562,111,1504,18,1
837,user0837,pw10837,윤중수,053-715-0997,112,1504,52,3
838,user0838,pw10838,윤상호,011-030-9143,113,1504,38,3
839,user0839,pw10839,권은정,031-257-4326,114,1504,38,3
840,user0840,pw10840,김지훈,016-752-4508,115,1504,38,2
841,user0841,pw10841,이지원,02-3553-3803,101,1601,24,2
842,user0842,pw10842,한서윤,055-852-7017,102,1601,52,2
843,user0843,pw10843,김재현,041-321-2983,103,1601,18,1
844,user0844,pw10844,김정웅,052-233-6293,104,1601,32,2
845,user0845,pw10845,최현우,043-471-5662,105,1601,24,2
846,user0846,pw10846,이우진,061-270-6614,106,1601,52,3
847,user0847,pw10847,김지민,051-674-7468,107,1601,32,3
848,user0848,pw10848,김미정,063-323-0085,108,1601,24,3
849,user0849,pw10849,유진우,070-5674-9160,109,1601,45,3
850,user0850,pw10850,김현숙,042-364-5875,110,1601,45,3
851,user0851,pw10851,윤현숙,070-3370-5024,111,1601,18,1
852,user0852,pw10852,노민서,044-992-0116,112,1601,52,3
853,user0853,pw10853,최지후,064-736-2644,113,1601,38,3
854,user0854,pw10854,박춘자,011-461-1952,114,1601,38,3
855,user0855,pw10855,김정호,019-402-7011,115,1601,38,3
856,user0856,pw10856,이영자,052-622-5223,101,1602,24,1
857,user0857,pw10857,박민석,011-323-0234,102,1602,52,4
858,user0858,pw10858,문영희,016-121-4161,103,1602,18,1
859,user0859,pw10859,이영환,063-710-0409,104,1602,32,3
860,user0860,pw10860,김서영,02-6984-7759,105,1602,24,1
861,user0861,pw10861,이중수,053-356-6905,106,1602,52,5
862,user0862,pw10862,송경숙,019-620-9184,107,1602,32,2
863,user0863,pw10863,권선영,062-978-6305,108,1602,24,1
864,user0864,pw10864,이광수,070-5739-7691,109,1602,45,4
865,user0865,pw10865,심진우,063-164-9328,110,1602,45,3
866,user0866,pw10866,안정희,031-271-4872,111,1602,18,1
867,user0867,pw10867,곽예지,010-3332-1160,112,1602,52,5
868,user0868,pw10868,남지후,051-347-1287,113,1602,38,2
869,user0869,pw10869,한준호,011-915-6686,114,1602,38,3
870,user0870,pw10870,김미영,032-115-9319,115,1602,38,2
871,user0871,pw10871,고진호,011-040-9836,101,1603,24,1
872,user0872,pw10872,이아름,018-289-9316,102,1603,52,4
873,user0873,pw10873,고성수,052-377-2942,103,1603,18,2
874,user0874,pw10874,홍지은,031-954-8149,104,1603,32,2
875,user0875,pw10875,류영식,019-605-2330,105,1603,24,2
876,user0876,pw10876,황지혜,070-6420-8656,106,1603,52,5
877,user0877,pw10877,진지연,055-184-4386,107,1603,32,2
878,user0878,pw10878,이주원,031-472-9277,108,1603,24,2
879,user0879,pw10879,김상현,070-3059-1266,109,1603,45,3
880,user0880,pw10880,김명숙,054-720-1859,110,1603,45,2
881,user0881,pw10881,김정웅,044-013-6749,111,1603,18,2
882,user0882,pw10882,윤영미,019-176-4750,112,1603,52,4
883,user0883,pw10883,김영식,018-830-9997,113,1603,38,3
884,user0884,pw10884,신주원,042-676-4921,114,1603,38,3
885,user0885,pw10885,오준호,010-2606-8887,115,1603,38,5
886,user0886,pw10886,홍영철,017-131-2920,101,1604,24,1
887,user0887,pw10887,송미영,041-932-1840,102,1604,52,5
888,user0888,pw10888,김성민,010-2603-4084,103,1604,18,1
889,user0889,pw10889,박은경,019-585-9883,104,1604,32,3
890,user0890,pw10890,장경희,031-324-3298,105,1604,24,1
891,user0891,pw10891,이민수,016-618-4462,106,1604,52,5
892,user0892,pw10892,김상훈,061-283-1435,107,1604,32,3
893,user0893,pw10893,윤옥순,042-625-6609,108,1604,24,1
894,user0894,pw10894,이영진,018-861-5155,109,1604,45,3
895,user0895,pw10895,김지우,051-016-3611,110,1604,45,3
896,user0896,pw10896,서성수,063-185-9484,111,1604,18,1
897,user0897,pw10897,배보람,055-258-8967,112,1604,52,4
898,user0898,pw10898,김정순,019-222-6940,113,1604,38,4
899,user0899,pw10899,윤영미,044-967-2757,114,1604,38,3
900,user0900,pw10900,이영자,019-341-4651,115,1604,38,4
901,user0901,pw10901,김서현,032-290-1487,101,1701,24,1
902,user0902,pw10902,김현정,018-827-7881,102,1701,52,3
903,user0903,pw10903,강지훈,070-0685-3890,103,1701,18,1
904,user0904,pw10904,차정숙,064-732-1528,104,1701,32,2
905,user0905,pw10905,김영식,042-515-3814,105,1701,24,2
906,user0906,pw10906,이상철,070-9634-8079,106,1701,52,5
907,user0907,pw10907,김경숙,062-545-1052,107,1701,32,3
908,user0908,pw10908,김시우,043-188-2617,108,1701,24,1
909,user0909,pw10909,황상훈,063-654-5628,109,1701,45,3
910,user0910,pw10910,김영희,062-225-6053,110,1701,45,3
911,user0911,pw10911,이민수,061-502-3741,111,1701,18,1
912,user0912,pw10912,최주원,019-256-8621,112,1701,52,4
913,user0913,pw10913,안미정,054-803-0569,113,1701,38,3
914,user0914,pw10914,이수빈,063-163-9282,114,1701,38,4
915,user0915,pw10915,황준호,019-363-7189,115,1701,38,2
916,user0916,pw10916,진예준,017-231-2604,101,1702,24,1
917,user0917,pw10917,남영자,016-310-6684,102,1702,52,3
918,user0918,pw10918,구서윤,061-708-6041,103,1702,18,1
919,user0919,pw10919,이성현,061-350-2000,104,1702,32,1
920,user0920,pw10920,이수빈,051-916-2475,105,1702,24,2
921,user0921,pw10921,김정남,018-825-5598,106,1702,52,3
922,user0922,pw10922,김수민,011-611-2910,107,1702,32,3
923,user0923,pw10923,백은지,043-371-1895,108,1702,24,2
924,user0924,pw10924,박정훈,010-2023-6848,109,1702,45,4
925,user0925,pw10925,손예원,019-161-7688,110,1702,45,3
926,user0926,pw10926,김수민,041-409-0367,111,1702,18,2
927,user0927,pw10927,문현지,042-786-8669,112,1702,52,5
928,user0928,pw10928,김민재,043-908-7884,113,1702,38,3
929,user0929,pw10929,김정식,010-1230-8340,114,1702,38,2
930,user0930,pw10930,노수빈,041-403-3810,115,1702,38,1
931,user0931,pw10931,강현지,053-184-2694,101,1703,24,2
932,user0932,pw10932,김준서,054-342-4089,102,1703,52,4
933,user0933,pw10933,신성훈,017-498-3735,103,1703,18,1
934,user0934,pw10934,최준서,055-273-6527,104,1703,32,2
935,user0935,pw10935,김병철,042-397-2404,105,1703,24,2
936,user0936,pw10936,김승민,016-312-1637,106,1703,52,5
937,user0937,pw10937,주미숙,064-720-9166,107,1703,32,4
938,user0938,pw10938,류정훈,017-023-1429,108,1703,24,2
939,user0939,pw10939,주진호,033-851-3279,109,1703,45,5
940,user0940,pw10940,송수진,063-230-8481,110,1703,45,3
941,user0941,pw10941,김영철,033-862-0303,111,1703,18,1
942,user0942,pw10942,김재호,044-617-2131,112,1703,52,4
943,user0943,pw10943,이명자,053-151-0922,113,1703,38,3
944,user0944,pw10944,이병철,061-249-4514,114,1703,38,4
945,user0945,pw10945,장현숙,019-102-2526,115,1703,38,3
946,user0946,pw10946,안현우,032-196-4215,101,1704,24,2
947,user0947,pw10947,김영숙,053-767-6952,102,1704,52,3
948,user0948,pw10948,윤서현,061-878-8788,103,1704,18,1
949,user0949,pw10949,이은경,061-893-1350,104,1704,32,3
950,user0950,pw10950,고성호,063-210-5524,105,1704,24,1
951,user0951,pw10951,전영철,061-333-0212,106,1704,52,5
952,user0952,pw10952,김현우,054-019-1792,107,1704,32,2
953,user0953,pw10953,이도현,032-096-2272,108,1704,24,2
954,user0954,pw10954,한수진,061-570-4120,109,1704,45,3
955,user0955,pw10955,김지아,064-720-6678,110,1704,45,4
956,user0956,pw10956,김은경,052-362-4186,111,1704,18,1
957,user0957,pw10957,김서영,016-036-2891,112,1704,52,3
958,user0958,pw10958,박숙자,017-662-0563,113,1704,38,4
959,user0959,pw10959,김성호,053-034-2811,114,1704,38,3
960,user0960,pw10960,김지후,043-830-3419,115,1704,38,3
961,user0961,pw10961,최지우,031-051-4054,101,1801,24,3
962,user0962,pw10962,박숙자,055-521-5681,102,1801,52,5
963,user0963,pw10963,황경자,055-790-4227,103,1801,18,1
964,user0964,pw10964,강진호,044-322-8898,104,1801,32,1
965,user0965,pw10965,이지우,053-459-6063,105,1801,24,1
966,user0966,pw10966,강도현,041-971-0248,106,1801,52,5
967,user0967,pw10967,안하윤,063-175-2421,107,1801,32,2
968,user0968,pw10968,이도현,042-747-4721,108,1801,24,3
969,user0969,pw10969,박아름,052-669-2758,109,1801,45,5
970,user0970,pw10970,곽영미,018-687-4090,110,1801,45,4
971,user0971,pw10971,김지은,02-2146-2961,111,1801,18,2
972,user0972,pw10972,양정남,054-778-7112,112,1801,52,5
973,user0973,pw10973,허하은,061-365-1559,113,1801,38,4
974,user0974,pw10974,한영수,051-708-2723,114,1801,38,4
975,user0975,pw10975,김예준,055-056-7303,115,1801,38,4
976,user0976,pw10976,곽정순,051-421-2146,101,1802,24,2
977,user0977,pw10977,양영길,061-834-2016,102,1802,52,3
978,user0978,pw10978,권민준,054-677-8265,103,1802,18,1
979,user0979,pw10979,최지은,010-9319-9255,104,1802,32,3
980,user0980,pw10980,배진우,063-516-4807,105,1802,24,2
981,user0981,pw10981,고은주,017-910-3368,106,1802,52,3
982,user0982,pw10982,조서윤,043-390-5504,107,1802,32,2
983,user0983,pw10983,박채원,019-776-6558,108,1802,24,2
984,user0984,pw10984,우성진,042-765-2892,109,1802,45,3
985,user0985,pw10985,이지현,019-649-1111,110,1802,45,3
986,user0986,pw10986,강영순,063-981-7890,111,1802,18,1
987,user0987,pw10987,고서영,062-861-3715,112,1802,52,4
988,user0988,pw10988,백영순,017-605-3844,113,1802,38,2
989,user0989,pw10989,이지현,061-306-0002,114,1802,38,3
990,user0990,pw10990,홍옥순,070-9552-9638,115,1802,38,2
991,user0991,pw10991,김은주,031-962-6265,101,1803,24,1
992,user0992,pw10992,이미숙,041-819-6482,102,1803,52,3
993,user0993,pw10993,김미숙,061-092-0981,103,1803,18,1
994,user0994,pw10994,김지민,062-523-3438,104,1803,32,2
995,user0995,pw10995,서지원,055-404-1209,105,1803,24,1
996,user0996,pw10996,김현숙,033-124-4211,106,1803,52,5
997,user0997,pw10997,이준영,055-170-6171,107,1803,32,3
998,user0998,pw10998,이중수,017-722-4029,108,1803,24,3
999,user0999,pw10999,고미영,053-579-9802,109,1803,45,5
1000,user1000,pw11000,김미영,016-080-8823,110,1803,45,4
